<?xml version="1.0"?>
<opencv_storage>
<M1 type_id="opencv-matrix">
  <rows>3</rows>
  <cols>3</cols>
  <dt>d</dt>
  <data>
    5.9868240460786365e+02 0. 3.1718035489484510e+02 0.
    5.9656946496906369e+02 2.1100687884180405e+02 0. 0. 1.</data></M1>
<D1 type_id="opencv-matrix">
  <rows>1</rows>
  <cols>14</cols>
  <dt>d</dt>
  <data>
    1.4479170257223573e-01 -1.0294767347702098e+00 0. 0. 0. 0. 0.
    -2.4085103099450818e+00 0. 0. 0. 0. 0. 0.</data></D1>
<M2 type_id="opencv-matrix">
  <rows>3</rows>
  <cols>3</cols>
  <dt>d</dt>
  <data>
    5.9868240460786365e+02 0. 3.0990573244702273e+02 0.
    5.9656946496906369e+02 2.3620398176767188e+02 0. 0. 1.</data></M2>
<D2 type_id="opencv-matrix">
  <rows>1</rows>
  <cols>14</cols>
  <dt>d</dt>
  <data>
    3.5526279425497492e-02 6.5898501516551744e-02 0. 0. 0. 0. 0.
    5.8697929085462319e-01 0. 0. 0. 0. 0. 0.</data></D2>
</opencv_storage>
